City,Year,Month,Pollutant,N,N_valid,N_missing,Mean,SD,Median,P25,P75,IQR,Min,Max
Amman,2015,1,PM10,31,31,0,100.59256423887598,66.32066205140502,91.28333333333336,54.75,138.16666666666666,83.41666666666666,13.18333333333333,317.1438446580443
Amman,2015,1,NO2,31,31,0,25.301330645161293,9.869012792585893,26.91666666666667,17.932499999999997,32.55,14.6175,6.919999999999999,41.01666666666667
Amman,2015,1,SO2,31,31,0,16.323709677419355,12.002903483306442,13.8875,6.415,24.8,18.385,1.7375,39.475
Amman,2015,2,PM10,28,26,2,72.41910929751899,44.995999430500774,63.33842086774668,43.95833333333333,90.9125,46.954166666666666,12.85,222.3833333333333
Amman,2015,2,NO2,28,28,0,21.224464285714284,6.328608179726759,22.139166666666668,17.644166666666667,23.866666666666667,6.2225,8.078333333333333,37.58333333333334
Amman,2015,2,SO2,28,28,0,10.417165178571429,7.881395041698058,9.05875,6.083125,11.321875,5.2387500000000005,2.31,38.05
Amman,2015,3,PM10,31,31,0,72.18548242193133,33.3215457636065,58.53333333333333,46.5,89.25833333333333,42.758333333333326,34.36666666666667,170.9833333333333
Amman,2015,3,NO2,31,31,0,24.07389712569513,6.123552937082961,21.68333333333333,20.3275,25.5,5.172499999999999,17.56166666666667,44.3
Amman,2015,3,SO2,31,31,0,10.056538422835683,5.519927546051517,7.795,6.6075,11.63625,5.0287500000000005,3.9775,25.275
Amman,2015,4,PM10,30,30,0,82.85254166666667,36.68695828386439,73.68333333333332,56.24166666666667,95.84166666666667,39.6,32.28333333333333,168.3333333333333
Amman,2015,4,NO2,30,30,0,25.103569444444442,8.041444386543937,24.188333333333336,19.21666666666667,27.868750000000006,8.652083333333337,14.28,42.81666666666666
Amman,2015,4,SO2,30,30,0,8.951020833333335,4.207556563238148,8.13625,5.36875,12.413125,7.0443750000000005,3.215,17.375
Amman,2015,5,PM10,31,31,0,73.33567142862152,41.8251572030818,63.15,52.275,78.10833333333333,25.833333333333336,30.38333333333334,251.3058142872665
Amman,2015,5,NO2,31,31,0,21.755161290322576,5.524536738661622,21.45,17.394166666666663,27.121666666666666,9.727500000000003,10.5,29.95
Amman,2015,5,SO2,31,31,0,8.093508064516131,2.4124427544882376,7.775,6.595625,9.3575,2.761875,4.52,14.1475
Amman,2015,6,PM10,30,30,0,57.474513888888886,37.00658532510624,46.55833333333333,41.98489583333334,51.3875,9.402604166666663,33.4,208.5
Amman,2015,6,NO2,30,30,0,18.922444444444444,4.256404093948717,18.875,15.783750000000003,21.684166666666666,5.900416666666663,12.49166666666667,31.76666666666667
Amman,2015,6,SO2,30,30,0,5.071708333333334,2.129941629525744,4.57625,3.6037500000000002,6.6031249999999995,2.9993749999999992,2.3825,11.3625
Amman,2015,7,PM10,31,31,0,56.99746389000925,9.91076216797404,56.06666666666666,51.43528200015194,59.539583333333326,8.104301333181382,42.58333333333334,92.35
Amman,2015,7,NO2,31,31,0,22.66825513315896,3.8802257681441064,21.76333333333334,19.813333333333333,25.222500000000004,5.409166666666671,15.08333333333333,32.74166666666667
Amman,2015,7,SO2,31,31,0,7.200266964675774,1.6968527244616431,6.9525,5.883749999999999,8.5275,2.6437500000000007,4.125,10.9
Amman,2015,8,PM10,31,31,0,79.65254556177726,58.17407821968159,61.23333333333333,51.3,82.53333333333333,31.233333333333334,41.63333333333333,292.5223914757211
Amman,2015,8,NO2,31,31,0,20.77217653126687,4.926882407346451,19.70166666666666,17.435416666666665,23.240833333333335,5.80541666666667,14.16333333333333,32.83825262765483
Amman,2015,8,SO2,31,31,0,4.4474477411810485,3.0450042961200565,3.345,2.35375,6.2775,3.92375,1.146,12.27177014455826
Amman,2015,9,PM10,30,27,3,109.3409061025849,85.15198127636232,71.95,61.866666666666674,134.2333333333333,72.36666666666662,44.15,416.0379598357379
Amman,2015,9,NO2,30,30,0,23.457041287512222,4.905718813163686,23.675,19.475,26.77,7.294999999999998,14.42666666666667,32.36833333333333
Amman,2015,9,SO2,30,30,0,6.641535231852833,3.7663504268999124,5.585000000000001,3.3825000000000003,9.44875,6.06625,2.29,13.845
Amman,2015,10,PM10,31,31,0,82.81169354838711,32.59170399759494,80.96666666666667,54.94166666666668,113.46666666666664,58.52499999999996,38.45,142.7166666666667
Amman,2015,10,NO2,31,31,0,24.184408602150533,5.579281723125085,23.78333333333333,19.715833333333336,27.841666666666665,8.125833333333329,13.83,35.80666666666666
Amman,2015,10,SO2,31,31,0,7.0042741935483885,4.631087668929603,6.38,2.89375,11.305,8.411249999999999,0.9175,17.035
Amman,2015,11,PM10,30,29,1,91.44423692259,47.782363712302384,80.71666666666667,61.71666666666667,107.9333333333333,46.216666666666626,39.26666666666667,266.6005617613097
Amman,2015,11,NO2,30,30,0,21.189979343898596,5.2194253041895795,21.150431594936016,17.40958333333333,25.818252638614556,8.408669305281226,11.43666666666667,31.0
Amman,2015,11,SO2,30,30,0,6.882849935648709,4.3862489922755,5.495,3.1106249999999998,9.719375,6.60875,1.8975,16.315625
Amman,2015,12,PM10,31,31,0,78.47988838831427,33.82417958975741,67.08333333333333,54.34166666666667,100.85,46.508333333333326,26.07779003774253,155.0
Amman,2015,12,NO2,31,31,0,25.705877282906084,6.5098942658480965,26.015,20.839166666666664,29.119166666666665,8.280000000000001,14.54885577831766,39.2
Amman,2015,12,SO2,31,31,0,14.921451612903228,9.48635488860609,10.045,7.697500000000001,19.015,11.317499999999999,4.22,39.275
Amman,2016,1,PM10,31,31,0,96.68713629591305,84.25432920284676,77.46666666666665,48.10000000000001,107.35,59.249999999999986,12.20666666666667,351.0574748903205
Amman,2016,1,NO2,31,31,0,18.623199562460236,6.865601009563598,19.46333333333333,13.30916666666667,24.6125,11.303333333333331,6.735619295399939,30.65166666666667
Amman,2016,1,SO2,31,31,0,7.986592741935483,4.829448305272532,6.37,4.075,9.76625,5.691249999999999,2.3775,18.8775
Amman,2016,2,PM10,29,29,0,79.51561217685709,33.08354798228867,84.18333333333334,56.05,105.4,49.35000000000001,15.43666666666667,143.4333333333333
Amman,2016,2,NO2,29,29,0,19.44841954022988,5.061781128388279,20.71666666666667,15.10833333333333,23.27,8.161666666666669,9.375,26.9875
Amman,2016,2,SO2,29,29,0,11.093900862068967,5.132209442598785,9.83,6.7225,14.435,7.7125,4.6125,21.075
Amman,2016,3,PM10,31,31,0,80.02548387096778,47.5962104276473,65.18333333333334,47.0,99.68333333333334,52.68333333333334,25.67333333333333,177.1666666666667
Amman,2016,3,NO2,31,31,0,15.811922043010751,4.762156393356369,15.16833333333333,11.80666666666667,19.039166666666667,7.232499999999996,8.561666666666667,26.555
Amman,2016,3,SO2,31,31,0,8.962036290322581,3.9165304186222376,7.83,6.0275,11.251249999999999,5.223749999999999,4.7,20.5
Amman,2016,4,PM10,30,30,0,82.41166666666665,35.09609226863777,80.3,58.04166666666667,100.11666666666665,42.074999999999974,28.0,167.0
Amman,2016,4,NO2,30,30,0,19.769076562804013,4.591708663753503,19.511666666666663,16.22,22.96625,6.74625,10.5391431825731,30.01
Amman,2016,4,SO2,30,30,0,9.975833333333332,3.225993520669609,11.068750000000001,7.180625,12.116249999999999,4.935624999999999,4.7625,17.075
Amman,2016,5,PM10,31,31,0,67.38755142158453,38.19750528952232,52.6,41.458333333333336,79.33333333333333,37.87499999999999,30.11666666666666,178.8333333333333
Amman,2016,5,NO2,31,31,0,14.177896996299758,4.602166696022494,13.7,10.42666666666667,15.851666666666665,5.424999999999995,7.06,22.75333333333333
Amman,2016,5,SO2,31,31,0,6.686598107802672,2.6555314739675646,6.245,4.24125,8.230145670941393,3.9888956709413934,3.3625,12.7275
Amman,2016,6,PM10,30,30,0,72.24388888888889,29.084456712926237,62.96666666666667,50.93333333333333,85.32083333333334,34.38750000000001,32.03333333333333,136.8166666666667
Amman,2016,6,NO2,30,30,0,13.384277777777777,4.288780045469381,12.2725,10.04,15.362500000000002,5.322500000000003,7.135000000000001,21.92916666666666
Amman,2016,6,SO2,30,30,0,6.623954166666667,2.5455312369990817,5.81125,4.623125,8.616875,3.9937500000000004,3.138,11.9
Amman,2016,7,PM10,31,31,0,50.435483870967744,8.130555925978982,49.6,45.05,55.19166666666666,10.141666666666666,33.86666666666667,68.36666666666666
Amman,2016,7,NO2,31,31,0,14.641884887129917,2.5122171599139134,14.95,13.125967225332765,16.440833333333334,3.314866108000569,9.408333333333331,18.55
Amman,2016,7,SO2,31,31,0,5.268899193548388,1.318863522925513,4.905,4.4628125,6.08875,1.6259375,3.44,9.675
Amman,2016,8,PM10,31,31,0,55.80967741935485,7.186787999122068,56.95000000000001,51.40833333333333,59.83333333333334,8.425000000000011,40.8,75.86666666666666
Amman,2016,8,NO2,31,31,0,20.113398976951554,4.308080506152229,19.89166666666667,16.891666666666666,23.523333333333333,6.631666666666668,13.17333333333333,26.81833333333333
Amman,2016,8,SO2,31,31,0,5.145576612903227,1.7552810235227234,4.49,3.9775,5.9,1.9225000000000003,3.03275,9.7825
Amman,2016,9,PM10,30,30,0,57.42777777777778,22.65291982285371,53.29166666666666,43.329166666666666,62.44583333333333,19.116666666666667,33.56666666666667,145.5
Amman,2016,9,NO2,30,30,0,24.080680555555553,4.406974985849361,23.574999999999996,21.739583333333336,27.08854166666667,5.348958333333336,15.27833333333333,33.73333333333333
Amman,2016,9,SO2,30,30,0,6.790242954277096,3.454468962229657,5.81875,4.345625,8.149375000000001,3.803750000000001,3.3375,15.0625
Amman,2016,10,PM10,31,31,0,95.99193548387096,31.27146133308787,97.86666666666667,69.65833333333333,113.8666666666667,44.20833333333337,47.86666666666667,175.8333333333333
Amman,2016,10,NO2,31,31,0,27.089166666666667,4.011253850568885,27.25333333333333,23.775,29.875,6.100000000000001,20.1,33.3
Amman,2016,10,SO2,31,31,0,17.37120967741935,7.767649201200014,16.145,11.528749999999999,22.5625,11.033750000000001,5.395,34.15
Amman,2016,11,PM10,30,30,0,118.0332534676415,55.5667946826113,109.40833333333335,85.56666666666666,140.08750000000003,54.52083333333337,42.96666666666667,260.5
Amman,2016,11,NO2,30,30,0,22.312124999999995,5.644436392846316,20.855,19.1875,25.60375,6.416250000000002,13.785,38.93333333333333
Amman,2016,11,SO2,30,30,0,19.16425,12.887948613383235,13.0725,9.0125,28.06,19.0475,5.12,52.2
Amman,2016,12,PM10,31,31,0,74.88293010752689,37.31996065611077,66.95,46.875,81.79166666666666,34.91666666666666,30.1,167.5
Amman,2016,12,NO2,31,31,0,19.096666666666664,3.660856507754758,19.47,17.3825,21.821666666666665,4.439166666666665,8.64,23.83333333333333
Amman,2016,12,SO2,31,31,0,11.394616935483873,6.72075390015072,9.025,5.7212499999999995,17.18,11.45875,1.825625,25.45
Amman,2017,1,PM10,31,31,0,69.86188172043012,31.42353751198336,68.35000000000001,49.474999999999994,89.57500000000002,40.10000000000002,12.385,147.5
Amman,2017,1,NO2,31,31,0,19.810053763440855,4.25498923887465,20.76666666666667,18.5275,22.685000000000002,4.157500000000002,8.106666666666667,26.71666666666667
Amman,2017,1,SO2,31,31,0,11.645725806451612,6.092336004958347,10.5075,7.4075,14.4275,7.0200000000000005,1.6325,30.85
Amman,2017,2,PM10,28,28,0,75.70943452380952,35.27828060596269,86.53333333333333,44.04166666666667,97.04583333333332,53.00416666666665,19.07166666666667,143.3333333333333
Amman,2017,2,NO2,28,28,0,21.358749999999997,3.7066695150812827,21.058333333333337,18.64791666666667,24.55,5.90208333333333,13.84,26.95
Amman,2017,2,SO2,28,28,0,14.641361607142857,6.989205789715634,15.03875,8.44875,18.604375,10.155625,4.0175,27.25
Amman,2017,3,PM10,31,30,1,74.0772222222222,43.05664883916605,63.49166666666667,45.3625,85.95833333333334,40.595833333333346,28.05,216.6666666666667
Amman,2017,3,NO2,31,30,1,20.332472222222226,4.156758567153048,19.4975,16.455416666666668,24.000000000000007,7.544583333333339,13.65333333333333,28.19166666666667
Amman,2017,3,SO2,31,30,1,7.0914375,3.016492155339043,6.1625,4.668749999999999,9.50625,4.8375,3.0725,12.395
Amman,2017,4,PM10,30,30,0,79.17697712862078,49.78049814432152,61.09166666666667,46.07083333333333,98.18750000000003,52.116666666666696,30.5551450684236,239.3333333333333
Amman,2017,4,NO2,30,30,0,20.0043803613355,4.377169222476877,19.751666666666665,17.787916666666664,23.11708333333333,5.329166666666666,10.88666666666666,27.46666666666667
Amman,2017,4,SO2,30,30,0,6.184175997169173,2.455947331696094,5.9425,4.446875,7.89375,3.4468749999999995,1.8325,12.0375
Amman,2017,5,PM10,31,31,0,63.577324134499186,23.1365409581969,58.1135113597339,49.849999999999994,71.65,21.80000000000001,35.78333333333333,140.2833333333333
Amman,2017,5,NO2,31,31,0,19.06081550013827,4.667594483872632,17.99333333333333,14.76166666666667,23.015,8.25333333333333,9.986666666666666,28.88958333333333
Amman,2017,5,SO2,31,31,0,6.384062896715021,2.853442003251379,5.2925,3.8449999999999998,8.57,4.7250000000000005,2.89,12.3625
Amman,2017,6,PM10,30,30,0,48.45250128285552,9.934257045705973,47.00000000000001,42.429166666666674,51.37450498602949,8.945338319362818,31.63765127138653,72.26666666666667
Amman,2017,6,NO2,30,30,0,20.41324380344582,4.503392903042627,20.573333333333338,16.947291666666665,23.209821314854494,6.262529648187829,10.19196958520087,29.66768183502025
Amman,2017,6,SO2,30,30,0,4.587649919995058,2.201411937089103,3.865,3.1081931524488287,5.4575000000000005,2.349306847551172,1.7975,10.8456022383827
Amman,2017,7,PM10,31,31,0,55.69472502522368,11.650816152913146,54.74060419939479,48.987350241084826,61.98856372112925,13.001213480044427,36.14140044651977,87.2313203273561
Amman,2017,7,NO2,31,31,0,18.656292462365602,4.335520830051784,18.98013210136148,15.066754008704919,21.50326085149781,6.436506842792891,10.83833333333333,25.72833333333334
Amman,2017,7,SO2,31,31,0,4.970330079445826,2.2919970470625226,4.1775,3.0368985634211834,6.98835951448217,3.9514609510609864,1.1375,9.85
Amman,2017,8,PM10,31,31,0,52.67614247311829,7.9404648851449,52.15,46.108333333333334,57.90833333333333,11.799999999999997,40.33333333333334,71.51666666666667
Amman,2017,8,NO2,31,31,0,16.70770161290322,2.929996209529702,15.79666666666667,14.821666666666665,19.231666666666662,4.409999999999997,12.42833333333333,23.00333333333333
Amman,2017,8,SO2,31,31,0,3.5279838709677422,1.3284794596572365,3.42,2.6587500000000004,4.61625,1.9574999999999996,1.2525,5.9925
Amman,2017,9,PM10,30,30,0,59.777013888888895,20.0742319608509,57.05000000000001,42.65,67.61666666666666,24.96666666666666,32.15,113.75
Amman,2017,9,NO2,30,30,0,19.29409722222222,5.4950392750315755,17.8975,15.462499999999999,23.827916666666667,8.365416666666668,10.99333333333333,31.1
Amman,2017,9,SO2,30,30,0,4.439008333333333,4.253911918946171,2.59,1.9768750000000002,5.198125,3.22125,0.6377499999999999,17.15
Amman,2017,10,PM10,31,31,0,61.17466397849463,28.989612214506185,61.28333333333333,37.116666666666674,73.30833333333334,36.19166666666666,28.6,142.2166666666667
Amman,2017,10,NO2,31,31,0,19.623360215053758,3.373815040498519,20.26333333333333,16.7675,22.200833333333335,5.433333333333337,14.43041666666667,26.11666666666666
Amman,2017,10,SO2,31,31,0,5.614495967741935,3.9447214678399494,5.2225,2.76625,6.6775,3.9112500000000003,1.4275,17.4875
Amman,2017,11,PM10,30,30,0,97.14549021290668,71.2950353662861,71.36666666666667,43.20416666666667,123.45937500000001,80.25520833333334,30.65,324.5855397205338
Amman,2017,11,NO2,30,30,0,19.930555555555557,3.659417634020308,19.95,18.169166666666673,21.187916666666666,3.0187499999999936,13.37666666666667,29.58333333333333
Amman,2017,11,SO2,30,30,0,8.141416666666666,4.445841479823732,7.25375,4.406874999999999,11.309375,6.9025,2.36,19.545
Amman,2017,12,PM10,31,31,0,94.35893817204303,40.15040935400821,97.68333333333334,63.717708333333334,118.46666666666665,54.74895833333332,28.26666666666667,176.4
Amman,2017,12,NO2,31,31,0,19.3658064516129,4.713781447167518,19.43333333333333,16.683333333333337,22.716666666666665,6.033333333333328,10.88333333333333,27.56666666666667
Amman,2017,12,SO2,31,31,0,14.863064516129034,9.785024925655474,12.2525,5.5475,23.23375,17.68625,2.155,34.85
Amman,2018,1,PM10,31,31,0,63.82787936746163,32.54725307247171,57.18842266230693,37.40727625243264,85.41552823004966,48.00825197761702,23.30762535290082,146.8277899039079
Amman,2018,1,NO2,31,31,0,17.108918642456487,4.219480840781551,17.83166666666667,14.466666666666665,20.417845536265304,5.951178869598639,8.483333333333333,24.59
Amman,2018,1,SO2,31,31,0,7.34717777693886,15.962479243618887,4.463402229006475,2.9901811801059317,6.505632141561998,3.5154509614560663,0.8720361514206957,92.72114310599912
Amman,2018,2,PM10,28,26,2,100.51484640973266,86.09990359424555,69.35,54.22916666666667,111.74441514896154,57.515248482294865,20.62333333333333,385.4036069636866
Amman,2018,2,NO2,28,26,2,21.280834595888187,5.522877925617493,20.098333333333336,18.14333333333333,25.229166666666668,7.085833333333337,11.38166666666667,33.66666666666666
Amman,2018,2,SO2,28,26,2,11.94605729511224,7.129671397271552,8.86375,6.8925,16.224096855632723,9.331596855632723,3.1575,27.5
Amman,2018,3,PM10,31,15,16,101.38520736061436,57.23375727491605,94.01666666666668,58.925,132.19166666666663,73.26666666666664,29.78333333333333,237.8333333333333
Amman,2018,3,NO2,31,15,16,21.606558145992025,5.0477937603942,22.925,19.546666666666667,23.816666666666663,4.269999999999996,12.74166666666667,32.44337218988041
Amman,2018,3,SO2,31,15,16,10.354333333333331,3.149838072179645,9.9675,8.41,12.158750000000001,3.748750000000001,5.045,16.64
Amman,2018,4,PM10,30,30,0,61.90215298516614,30.241099737063077,51.641666666666666,42.1375,67.9875,25.849999999999994,25.78333333333333,141.5
Amman,2018,4,NO2,30,30,0,24.149736651247885,4.180275141004705,23.760754474243875,21.66889736108661,27.804166666666667,6.1352693055800565,16.235,32.86666666666667
Amman,2018,4,SO2,30,30,0,10.051127669249897,4.138904471713101,9.879999999999999,6.966875,11.440000000000001,4.473125000000001,5.155,22.075
Amman,2018,5,PM10,31,31,0,92.44450098603257,64.57584197530274,76.41666666666667,52.54166666666667,110.68113495273325,58.139468286066574,29.1,347.336690987609
Amman,2018,5,NO2,31,31,0,22.082234023668445,4.019916532112019,21.11360403606919,18.735036965278262,24.819166666666668,6.084129701388406,16.52833333333333,31.5
Amman,2018,5,SO2,31,31,0,10.138587118415026,4.225024127843575,10.04,6.50375,13.78125,7.2775,4.524701104729393,20.23897995630982
Amman,2018,6,PM10,30,30,0,40.323119500508795,11.929594181357217,35.71970305463525,32.80416666666667,46.425,13.62083333333333,25.36666666666666,83.55
Amman,2018,6,NO2,30,30,0,21.17287070714993,4.764178067675348,19.99332292838022,18.461593439975175,23.774619897395638,5.313026457420463,12.31302870210074,34.1659227780349
Amman,2018,6,SO2,30,30,0,6.449222016100581,2.143042484856163,5.660258705486409,4.988522006320881,6.975851928275118,1.9873299219542364,4.2925,12.805
Amman,2018,7,PM10,31,31,0,41.097311827956986,11.52494323660336,38.9,33.325,45.74166666666666,12.416666666666657,26.78333333333333,79.78333333333333
Amman,2018,7,NO2,31,31,0,22.536774193548382,4.955450458566993,22.83833333333333,19.199166666666663,25.55416666666667,6.3550000000000075,14.39,32.885
Amman,2018,7,SO2,31,31,0,6.288552962464031,1.4122247941770103,6.066717126374292,5.142718589259623,6.7543013019107825,1.6115827126511597,4.727380551332885,10.54427624648727
Amman,2018,8,PM10,31,31,0,39.461508719589496,5.464562223733888,38.6,36.900000000000006,41.045188902036486,4.14518890203648,30.21666666666667,56.61666666666667
Amman,2018,8,NO2,31,31,0,21.77418174574484,4.334709898754374,21.43833333333333,18.34166666666667,24.767878544504256,6.426211877837588,14.75833333333333,31.01833333333333
Amman,2018,8,SO2,31,31,0,5.806506114794532,1.0650432998498538,5.414297627255561,5.082720031956573,6.496151447711542,1.4134314157549692,4.397326346797463,8.916907034748808
Amman,2018,9,PM10,30,30,0,49.009740355765956,16.340259927010763,47.5928716516831,38.0125,52.99844340281209,14.98594340281209,27.88333333333333,101.7
Amman,2018,9,NO2,30,30,0,29.57143625154596,10.573920542249008,27.592499999999994,21.95916666666667,37.78127565924541,15.822108992578741,13.39666666666667,50.08562729234821
Amman,2018,9,SO2,30,30,0,8.762433150447121,3.2305713081862826,8.26597109194222,6.158560494501683,10.235486705529429,4.076926211027746,4.96290776689506,18.98253035779398
Amman,2018,10,PM10,31,31,0,75.63048637214915,42.59871995641186,68.0,42.09166666666667,96.875,54.78333333333333,23.22,192.1666666666667
Amman,2018,10,NO2,31,31,0,31.663429349317695,6.12119641206158,30.35,28.270038132911854,34.60666666666667,6.336628533754816,17.185,47.56358953632112
Amman,2018,10,SO2,31,31,0,8.675638589217577,2.9205353373048872,7.581375347506997,6.444997724617038,11.128461229672364,4.683463505055326,5.161557775606271,15.24090057559189
Amman,2018,11,PM10,30,30,0,46.588,19.266704999365285,44.50833333333334,33.841666666666676,53.116666666666674,19.275,24.4,124.8666666666667
Amman,2018,11,NO2,30,30,0,33.715375,4.3984969354936405,34.51666666666667,31.642916666666668,36.708333333333336,5.065416666666668,23.36666666666666,40.4
Amman,2018,11,SO2,30,30,0,10.4743390943319,3.170021010411278,10.0783046411849,7.723606464170825,12.816566009922905,5.09295954575208,5.746256937505024,16.5801470104227
Amman,2018,12,PM10,31,22,9,52.5403589270926,22.40397443831749,51.95104693654969,33.94833333333333,67.88136788443242,33.93303455109909,18.15333333333333,106.5812704048632
Amman,2018,12,NO2,31,22,9,28.867463238757217,4.939637484020461,27.77792960841002,26.47386734011958,33.302596961277544,6.828729621157965,17.54,36.04733053684103
Amman,2018,12,SO2,31,22,9,10.092369967813115,2.846925546045426,10.276780982047548,8.145635283275443,12.365085213897512,4.219449930622069,5.682199348543348,16.17908839097326
Amman,2019,1,PM10,31,31,0,99.6697237825451,56.151138197247086,87.78333333333335,65.74742164362766,130.56666666666666,64.819245023039,14.05333333333333,257.3333333333333
Amman,2019,1,NO2,31,31,0,26.120209937507603,4.9136174950796505,26.83333333333333,22.56083347748052,28.532314579941463,5.971481102460942,15.285,36.45
Amman,2019,1,SO2,31,31,0,12.8137707002948,5.600913414069357,11.1642908878084,8.492535734708294,16.75625,8.263714265291707,4.584525382810835,25.575
Amman,2019,2,PM10,28,28,0,61.17177500095402,41.12634353138707,52.65833333333333,41.675000000000004,72.43333333333334,30.758333333333333,12.77970002671258,221.5
Amman,2019,2,NO2,28,28,0,23.13182723525416,4.120949108565636,24.344166666666666,20.484166666666667,26.23541666666667,5.751250000000002,14.82716732858473,29.21666666666667
Amman,2019,2,SO2,28,28,0,9.01374265202219,4.046109145732338,8.8625,5.353125,10.856250000000001,5.503125000000001,4.074676555746546,17.825
Amman,2019,3,PM10,31,31,0,44.50169507165271,18.276935331631385,43.88333333333333,29.978065785666033,57.53333333333333,27.5552675476673,16.0575836757131,84.50983111794513
Amman,2019,3,NO2,31,29,2,21.306761475394907,3.6417038397997312,21.29166666666667,18.89333333333333,24.19666666666667,5.303333333333338,14.08195926494036,27.34
Amman,2019,3,SO2,31,29,2,8.327086827589666,3.69030450996102,7.955,5.387499999999999,9.8325,4.445,3.9925,16.55
Amman,2019,4,PM10,30,30,0,53.49666209870863,30.634841817158055,44.099999999999994,31.65833333333333,61.19166666666667,29.53333333333334,19.2,159.3333333333333
Amman,2019,4,NO2,30,30,0,24.48314038809765,4.444313908637008,24.4675,20.68208333333333,26.4075,5.725416666666668,17.70166666666667,35.1917604250875
Amman,2019,4,SO2,30,30,0,6.3193023810492726,1.6920167759597209,6.34875,4.628125,7.6975,3.069375,3.635,9.6025
Amman,2019,5,PM10,31,31,0,62.88985265131902,23.692038627050177,62.7,47.284954159516175,76.25,28.965045840483825,22.21666666666667,106.6666666666667
Amman,2019,5,NO2,31,31,0,32.905132627194014,7.394654791455256,33.20920429551858,27.397851995024595,37.687314108013425,10.28946211298883,19.93312431115327,47.43299237390028
Amman,2019,5,SO2,31,31,0,8.417132139043261,4.261215108946884,7.894128915331643,5.609999999999999,9.808255240392963,4.198255240392964,3.461879907270419,23.1749800451716
Amman,2019,6,PM10,30,30,0,44.54654583128838,12.170222392301826,40.91601993310624,35.68020846369138,49.59810568487881,13.917897221187431,30.47385491944674,79.03997411543622
Amman,2019,6,NO2,30,30,0,26.607552384704704,5.043493039835082,26.2567805093043,23.31,30.10392260087043,6.793922600870431,18.42694310898404,37.88830063278198
Amman,2019,6,SO2,30,30,0,4.912503598117277,2.0964708041173923,4.08375,3.48875,5.758749999999999,2.269999999999999,2.797323578188776,10.52436792470154
Amman,2019,7,PM10,31,31,0,39.68933805724298,17.791993356444134,35.24973450694687,31.939406945303364,41.09818864671547,9.158781701412106,25.79900097614777,129.8957867954758
Amman,2019,7,NO2,31,31,0,25.19704610115698,6.593260986786724,24.57223485271811,20.74289641418056,26.948333333333338,6.205436919152778,16.7434900027287,48.38870448615612
Amman,2019,7,SO2,31,31,0,4.587657318598593,1.4137415331660843,4.14,3.7,5.170256623446932,1.4702566234469314,2.967854471359375,9.358393586825958
Amman,2019,8,PM10,31,31,0,35.1393453881696,3.225901425181848,34.91666666666666,33.442299015088835,37.03728718693823,3.594988171849394,28.09590237695478,42.5
Amman,2019,8,NO2,31,30,1,24.577261011837358,5.2256638128804695,23.93934239768549,21.984469212828305,25.813333333333333,3.8288641205050276,15.82519743392315,35.97166666666666
Amman,2019,8,SO2,31,30,1,4.287359055177831,0.8210603457940902,4.116250000000001,3.780474632573333,4.484625621791814,0.7041509892184807,2.533464575989602,6.15
Amman,2019,9,PM10,30,30,0,38.74960618957971,6.2199461386014105,37.30833333333334,34.612500000000004,39.150000000000006,4.537500000000001,31.8122072868991,57.96666666666667
Amman,2019,9,NO2,30,30,0,26.510767941104596,7.427021365181427,25.391301881962654,21.09541666666667,30.940833333333334,9.845416666666665,15.97714843604119,42.0967391654738
Amman,2019,9,SO2,30,30,0,4.8167785783219985,2.3460120783259684,3.8614201485596906,3.6237500000000002,4.975625000000001,1.3518750000000006,1.662590288737728,13.68370989048915
Amman,2019,10,PM10,31,31,0,47.9719832699865,8.970327765535648,44.384225403784,40.80833333333334,54.30816576711335,13.499832433780014,36.45,70.62622765024217
Amman,2019,10,NO2,31,31,0,28.758174020034506,5.80532529754213,27.50500945720283,25.020916978315125,31.773333333333333,6.752416355018209,18.86,43.45
Amman,2019,10,SO2,31,31,0,6.595458515239777,2.586137645500767,5.710851088002466,4.728951854021357,7.2464564801855404,2.5175046261641834,4.02,14.27005031509584
Amman,2019,11,PM10,30,30,0,74.68166666666666,23.583905541167535,68.975,56.51666666666667,89.66666666666667,33.15,42.25,145.4166666666667
Amman,2019,11,NO2,30,29,1,34.44328739875992,9.86122990206067,32.41666666666666,27.725,43.61666666666667,15.891666666666666,19.67833333333333,51.36666666666667
Amman,2019,11,SO2,30,29,1,15.510235374536517,7.501665842305376,15.6525,9.67726538379391,19.8025,10.125234616206088,5.23,30.80640987175969
Amman,2019,12,PM10,31,31,0,67.30179967137194,29.719208823122884,65.53333333333333,46.963765616840234,74.22312450754771,27.259358890707475,31.42666666666667,185.3736404044617
Amman,2019,12,NO2,31,31,0,33.955625762069474,11.733342416663662,33.835,26.36387622037843,39.267500000000005,12.903623779621576,15.62833333333333,68.43950263004638
Amman,2019,12,SO2,31,31,0,15.599057124402353,8.998324165401336,12.55,8.581844489538579,20.557499999999997,11.975655510461419,5.76,40.525
Irbid,2015,1,PM10,31,31,0,63.677219143189184,20.31582472739438,62.7,48.17500000000001,78.3,30.124999999999986,25.97,107.85
Irbid,2015,1,NO2,31,31,0,21.758709677419358,6.722247512023284,20.95,17.475,27.575000000000003,10.100000000000001,8.11,34.95
Irbid,2015,1,SO2,31,31,0,7.990967741935484,6.170332975801068,5.83,3.4450000000000003,10.274999999999999,6.829999999999998,0.89,23.8
Irbid,2015,2,PM10,28,28,0,60.37151871723233,20.785681082002114,61.35000000000001,47.92975439699288,69.7875,21.857745603007118,25.25,102.0
Irbid,2015,2,NO2,28,28,0,20.646785714285716,5.512126566554353,20.625,18.162499999999998,22.924999999999997,4.762499999999999,8.465,31.45
Irbid,2015,2,SO2,28,28,0,6.3739285714285705,4.426958105605142,5.615,2.9499999999999997,9.43,6.48,0.62,16.5
Irbid,2015,3,PM10,31,31,0,62.7822040248467,28.938621890350113,51.3,43.3,77.70670091093962,34.40670091093962,32.1,153.625124520149
Irbid,2015,3,NO2,31,31,0,22.192096774193555,4.897792321409302,21.65,18.025,24.75,6.725000000000001,14.755,32.6
Irbid,2015,3,SO2,31,31,0,7.858709677419353,3.485046859498912,7.1,5.765000000000001,9.844999999999999,4.079999999999998,2.83,17.5
Irbid,2015,4,PM10,30,30,0,57.8436739419,18.520566016708553,58.04891850328673,46.20062611843002,65.97740419278531,19.776778074355292,31.6,124.6227089993766
Irbid,2015,4,NO2,30,30,0,23.019999999999996,6.287804287557041,21.700000000000003,18.4125,26.362499999999997,7.949999999999996,12.2,38.15000000000001
Irbid,2015,4,SO2,30,30,0,8.693,4.1703263330509195,6.95,5.039999999999999,12.6,7.5600000000000005,4.45,17.2
Irbid,2015,5,PM10,31,31,0,66.53712798419777,37.58482980613471,47.74412576463565,40.97794269600598,88.86267432098995,47.88473162498397,32.39173933390138,169.4229905755595
Irbid,2015,5,NO2,31,31,0,23.946774193548386,5.8278202826881875,24.9,19.55,28.825,9.274999999999999,12.0,33.2
Irbid,2015,5,SO2,31,31,0,6.627096774193549,3.224873324177129,6.33,4.765000000000001,8.295,3.5299999999999994,0.38,14.7
Irbid,2015,6,PM10,30,30,0,43.59180756203418,22.041357852137455,38.3606056971861,32.1103331495725,41.619659745767095,9.509326596194597,27.2907403034155,135.0865900357496
Irbid,2015,6,NO2,30,30,0,20.019999999999996,4.485063333270587,20.125,16.8625,22.3,5.4375,12.9,34.55
Irbid,2015,6,SO2,30,30,0,1.728,1.4265811554564458,1.32,0.5525,3.125,2.5725,0.23,5.56
Irbid,2015,7,PM10,31,31,0,39.1813152247288,6.036040566722579,38.84075410397978,35.41312980517014,42.344809244265136,6.931679439094992,30.73131539084255,58.09004163359589
Irbid,2015,7,NO2,31,31,0,21.713870967741933,4.4365314360202275,20.4,19.175,25.475,6.300000000000001,13.55,29.95
Irbid,2015,7,SO2,31,31,0,2.428709677419355,0.7996696898740291,2.72,1.875,2.96,1.085,0.36,3.51
Irbid,2015,8,PM10,31,31,0,51.664367459686915,23.575929328185257,42.52627121468267,39.76505255117984,56.42801583115777,16.66296327997793,34.21712757843704,160.9672203450819
Irbid,2015,8,NO2,31,31,0,18.710483870967742,5.5819574456216685,17.045,14.719999999999999,20.93,6.210000000000001,11.8,34.95
Irbid,2015,8,SO2,31,31,0,1.2870967741935488,0.9573198474504645,0.9,0.76,1.1749999999999998,0.4149999999999998,0.22,4.13
Irbid,2015,9,PM10,30,29,1,57.62177630107868,19.67088608932247,50.65000000000001,41.2305869791706,71.55349225999493,30.322905280824322,34.95,100.539560697711
Irbid,2015,9,NO2,30,30,0,21.470166666666668,5.352634298808542,20.15,18.52,24.0125,5.4925,11.15,34.05
Irbid,2015,9,SO2,30,30,0,0.8046666666666665,0.6185396223103383,0.61,0.2925,1.1825,0.8900000000000001,0.13,2.3
Irbid,2015,10,PM10,31,31,0,58.535483870967745,20.869919316041077,53.05,39.675,76.07499999999999,36.39999999999999,33.0,99.9
Irbid,2015,10,NO2,31,31,0,23.035483870967738,4.7537913561771425,22.2,20.125,26.65,6.524999999999999,13.75,34.4
Irbid,2015,10,SO2,31,31,0,0.7263548387096773,1.0381919073847283,0.41,0.305,0.8049999999999999,0.49999999999999994,0.058,5.94
Irbid,2015,11,PM10,30,30,0,56.02475144738662,13.770902791171086,53.725,48.4625,64.05,15.587499999999999,28.0,98.85
Irbid,2015,11,NO2,30,30,0,23.094999999999995,4.897102415609205,22.475,19.9625,25.5875,5.625,15.95,39.05
Irbid,2015,11,SO2,30,30,0,0.9306666666666666,0.5776285247836,0.755,0.485,1.295,0.8099999999999999,0.27,2.17
Irbid,2015,12,PM10,31,31,0,51.05483870967742,14.49161455715402,49.15,43.74999999999999,61.95,18.20000000000001,20.3,81.45
Irbid,2015,12,NO2,31,31,0,24.31612903225807,4.759471033227225,24.75,21.625,27.575,5.949999999999999,12.5,34.35
Irbid,2015,12,SO2,31,31,0,3.708709677419354,2.199263121950144,3.42,2.275,5.02,2.7449999999999997,0.38,8.36
Irbid,2016,1,PM10,31,31,0,48.564810958444376,28.161097141870034,43.25,32.438561781415316,61.525000000000006,29.08643821858469,10.79701614894475,139.5
Irbid,2016,1,NO2,31,31,0,16.888117522803405,5.179773837288316,18.25,13.83341557937586,20.70737975277352,6.87396417339766,4.93,27.31066675083413
Irbid,2016,1,SO2,31,31,0,2.2019354838709675,1.8030019769906684,2.07,0.345,3.465,3.12,0.18,5.9
Irbid,2016,2,PM10,29,29,0,53.87060825860051,21.44261858289341,54.75,41.08822910535584,70.5327806006601,29.44455149530426,9.496098305683926,88.41398584226424
Irbid,2016,2,NO2,29,29,0,20.063742820973477,6.980615168013542,19.977628069242,14.29,25.20882068525999,10.918820685259991,7.52,33.15
Irbid,2016,2,SO2,29,18,11,3.771111111111111,2.6026590224092176,2.755,1.7474999999999998,5.2924999999999995,3.545,0.85,10.9
Irbid,2016,3,PM10,31,31,0,53.430523243322114,32.6419520546115,44.3,33.725,58.62499999999999,24.89999999999999,14.6,142.5
Irbid,2016,3,NO2,31,31,0,20.521903931551623,5.9979336957282845,20.45,16.175,25.15,8.974999999999998,9.385000000000002,34.09999999999999
Irbid,2016,3,SO2,31,30,1,2.960666666666666,1.113109757990349,2.495,2.2425,3.3525,1.1099999999999999,1.74,5.85
Irbid,2016,4,PM10,30,30,0,50.230000000000004,22.537740761236243,46.325,39.525,57.29999999999999,17.77499999999999,19.4,109.55
Irbid,2016,4,NO2,30,30,0,22.188333333333336,6.330191522587897,22.975,16.375,26.4625,10.087499999999999,12.0,34.05
Irbid,2016,4,SO2,30,30,0,4.740666666666668,1.5269440595252797,5.140000000000001,3.6350000000000002,5.7,2.065,2.19,8.27
Irbid,2016,5,PM10,31,31,0,45.73225806451614,25.91957287581175,38.34999999999999,28.425,54.75,26.325,19.7,135.4
Irbid,2016,5,NO2,31,31,0,18.93596774193548,5.065737264432302,19.25,15.375,21.5,6.125,9.46,28.05
Irbid,2016,5,SO2,31,31,0,4.983548387096774,0.4249827320970173,4.88,4.655,5.15,0.4950000000000001,4.58,6.75
Irbid,2016,6,PM10,30,30,0,49.21333333333334,15.58380532815227,48.724999999999994,35.675,58.012499999999996,22.3375,26.2,84.4
Irbid,2016,6,NO2,30,30,0,20.679999999999996,5.66942191299838,19.15,16.412499999999998,25.5625,9.150000000000002,13.2,32.15
Irbid,2016,6,SO2,30,30,0,4.633,0.15792075708164957,4.585,4.505,4.6925,0.1875,4.47,5.13
Irbid,2016,7,PM10,31,31,0,35.21935483870968,5.541114169240617,35.2,30.45,38.575,8.125000000000004,26.8,46.7
Irbid,2016,7,NO2,31,31,0,15.593225806451617,2.2181349329211604,15.55,14.475,16.75,2.2750000000000004,10.09,21.05
Irbid,2016,7,SO2,31,31,0,4.41,0.048166378315169144,4.4,4.38,4.44,0.0600000000000005,4.33,4.51
Irbid,2016,8,PM10,31,31,0,37.774193548387096,5.934024364736829,37.5,33.075,40.599999999999994,7.5249999999999915,29.25,54.5
Irbid,2016,8,NO2,31,31,0,13.694999999999997,3.663996224524984,13.15,11.8475,15.100000000000001,3.2525000000000013,7.484999999999999,24.25
Irbid,2016,8,SO2,31,31,0,2.435161290322581,1.5836095288248757,2.05,1.2650000000000001,3.755,2.4899999999999998,0.15,5.3
Irbid,2016,9,PM10,30,30,0,36.825,9.851113625127486,34.1,32.275,39.4125,7.137500000000003,23.4,66.6
Irbid,2016,9,NO2,30,30,0,17.196666666666665,3.503420332045315,16.475,14.525,18.762500000000003,4.2375000000000025,12.1,26.9
Irbid,2016,9,SO2,30,30,0,3.4826666666666664,2.4575919435332505,1.955,1.7825,5.1274999999999995,3.3449999999999998,0.33,9.61
Irbid,2016,10,PM10,31,31,0,56.84965960435654,19.310693778753894,58.5,42.27816282272165,65.85,23.571837177278347,29.2,102.3
Irbid,2016,10,NO2,31,31,0,24.770967741935486,6.909953861321462,26.35,17.675,30.35,12.675,14.75,38.1
Irbid,2016,10,SO2,31,31,0,12.725806451612904,6.315516750667121,10.7,6.77,18.799999999999997,12.029999999999998,5.41,23.3
Irbid,2016,11,PM10,30,30,0,72.08173337674481,24.834594745087454,68.44999999999999,59.25,83.4,24.150000000000006,22.9,122.5950040079822
Irbid,2016,11,NO2,30,30,0,23.767859634316405,7.868863347944321,22.375,17.3875,28.3875,11.0,12.75,43.94419626817098
Irbid,2016,11,SO2,30,30,0,9.831,3.663790528193821,9.45,7.43,11.625,4.195,3.37,18.8
Irbid,2016,12,PM10,31,31,0,47.71774193548387,23.029960733745284,44.7,32.575,57.400000000000006,24.825000000000003,13.25,95.95
Irbid,2016,12,NO2,31,31,0,23.45967741935484,5.145101543455982,23.5,20.35,26.85,6.5,11.95,32.7
Irbid,2016,12,SO2,31,31,0,12.631612903225804,7.8005303652056,9.74,6.175,20.7,14.524999999999999,4.39,27.9
Irbid,2017,1,PM10,31,31,0,51.39568795838483,21.497807174084702,44.4,36.25,64.975,28.724999999999994,11.57904055494506,98.2
Irbid,2017,1,NO2,31,31,0,22.5732022582732,6.563342362194233,23.25,17.975,26.15,8.174999999999997,4.828271488198355,34.6
Irbid,2017,1,SO2,31,31,0,22.083870967741937,6.151807147724618,21.7,18.95,22.95,4.0,10.6,37.8
Irbid,2017,2,PM10,28,27,1,50.88246142296645,21.432446359977753,49.6,33.25464101661094,66.50214605656444,33.2475050399535,11.85,91.25
Irbid,2017,2,NO2,28,28,0,25.1737957602753,5.6017092980923415,24.825,20.600234840589792,28.325000000000003,7.724765159410211,16.85568335054861,37.15
Irbid,2017,2,SO2,28,28,0,29.267857142857142,8.471829290914185,29.75,21.625,36.025,14.399999999999999,14.8,46.4
Irbid,2017,3,PM10,31,31,0,57.165009102972235,28.484594316435864,47.3,37.224999999999994,69.80146226438143,32.57646226438143,28.3,139.6244164717547
Irbid,2017,3,NO2,31,31,0,22.783517946612427,5.354664334474757,22.15,18.875,26.56952817249267,7.694528172492671,13.25,37.35
Irbid,2017,3,SO2,31,30,1,18.863333333333333,4.508266991247059,17.75,15.15,21.375,6.225,13.3,29.9
Irbid,2017,4,PM10,30,30,0,58.85318643825167,29.6557638308042,44.713516191417845,39.0875,73.60000000000001,34.51250000000001,28.9,143.6185607647145
Irbid,2017,4,NO2,30,30,0,21.287772241997132,5.97822702732336,21.825000000000003,17.0625,25.2,8.1375,11.55,34.05
Irbid,2017,4,SO2,30,29,1,19.382758620689653,5.906477616355819,19.3,15.4,21.5,6.1,11.4,40.2
Irbid,2017,5,PM10,31,31,0,47.185630685369176,14.944495086811008,43.90000000000001,37.5,55.425,17.924999999999997,26.3,82.69999999999999
Irbid,2017,5,NO2,31,31,0,21.020483870967738,6.8763631805917464,18.8,15.5,26.525,11.024999999999999,10.59,35.25
Irbid,2017,5,SO2,31,31,0,20.925806451612896,5.928404380153537,20.3,15.95,25.0,9.05,11.7,37.3
Irbid,2017,6,PM10,30,30,0,36.75812543441571,6.75364192007187,35.657182004035135,32.824999999999996,39.08797813998067,6.2629781399806745,26.9,57.9
Irbid,2017,6,NO2,30,30,0,18.268000000000004,5.0001444117076295,17.45,15.0625,20.4,5.337499999999999,9.54,30.0
Irbid,2017,6,SO2,30,30,0,13.806666666666668,4.231567194260328,12.2,10.4,16.55,6.15,10.1,23.3
Irbid,2017,7,PM10,31,31,0,46.97896619599868,13.890217858303803,43.62746831321437,37.825,50.41294601566329,12.587946015663285,29.35,75.05412651776476
Irbid,2017,7,NO2,31,31,0,20.02689296717622,6.238777050802004,19.65,15.0,24.725,9.725000000000001,9.695,33.95
Irbid,2017,7,SO2,31,30,1,11.255666666666666,1.8496163317598178,10.45,10.3,11.25,0.9499999999999993,9.67,17.0
Irbid,2017,8,PM10,31,31,0,38.8774193548387,2.6300772710346187,38.25,37.325,40.425,3.0999999999999943,33.2,44.55
Irbid,2017,8,NO2,31,31,0,16.559677419354838,3.2691848972600375,16.0,14.6,18.25,3.6500000000000004,10.2,24.0
Irbid,2017,8,SO2,31,31,0,10.686129032258064,0.8172012294792304,10.4,10.3,10.75,0.4499999999999993,9.44,13.4
Irbid,2017,9,PM10,30,30,0,39.463333333333324,6.91216984412442,40.325,33.1375,44.0375,10.899999999999999,28.0,58.5
Irbid,2017,9,NO2,30,30,0,16.144,9.031812587774928,12.575,9.91375,19.9625,10.048749999999998,6.315,42.35
Irbid,2017,9,SO2,30,30,0,11.443333333333335,1.1016236710618008,11.1,11.1,11.2,0.09999999999999964,10.9,16.5
Irbid,2017,10,PM10,31,31,0,40.485483870967734,15.970395494729132,35.4,28.125,48.349999999999994,20.224999999999994,23.1,89.65
Irbid,2017,10,NO2,31,31,0,13.84951612903226,3.711878983937629,12.61,10.9375,16.47,5.532499999999999,9.775,22.165
Irbid,2017,10,SO2,31,31,0,14.274193548387096,4.905165151275778,12.7,11.4,15.950000000000001,4.550000000000001,10.7,35.0
Irbid,2017,11,PM10,30,28,2,50.004464285714285,24.443907873124306,44.575,30.9125,71.5,40.5875,12.525,106.5
Irbid,2017,11,NO2,30,30,0,16.379166666666666,3.9374442707240283,15.8275,13.86,17.23625,3.376249999999999,8.685,26.94
Irbid,2017,11,SO2,30,30,0,19.95,5.966848067620707,18.4,15.25,23.525000000000002,8.275000000000002,11.6,31.5
Irbid,2017,12,PM10,31,31,0,57.97096774193548,23.83368685353271,56.7,45.0,74.125,29.125,15.5,106.85
Irbid,2017,12,NO2,31,31,0,17.348225806451616,4.655981734712722,17.58,14.067499999999999,19.3825,5.315000000000001,9.665,32.63
Irbid,2017,12,SO2,31,31,0,28.006451612903227,9.598261491328207,26.5,21.7,33.650000000000006,11.950000000000006,13.3,53.8
Irbid,2018,1,PM10,31,31,0,53.361290322580636,28.62996888366402,48.0,35.0,65.6,30.599999999999994,14.8,125.0
Irbid,2018,1,NO2,31,31,0,10.18610206395006,6.696669633729333,6.22,4.815246063064583,15.715,10.899753936935417,1.606222720309924,25.305
Irbid,2018,1,SO2,31,16,15,18.9625,4.841470162392136,17.85,15.724999999999998,22.825000000000003,7.100000000000005,11.4,27.0
Irbid,2018,2,PM10,28,25,3,70.32,39.107458794114116,60.0,46.0,94.0,48.0,12.0,196.0
Irbid,2018,2,NO2,28,26,2,16.707115384615385,7.006762900666315,16.02,12.47125,20.24375,7.772499999999999,5.93,32.985
Irbid,2018,2,SO2,28,26,2,22.950000000000003,12.725069744406118,16.8,14.375,30.65,16.275,11.1,54.5
Irbid,2018,3,PM10,31,15,16,92.42,54.647862329123704,87.2,50.35,105.5,55.15,26.1,209.0
Irbid,2018,3,NO2,31,15,16,15.219666666666667,4.153478519208185,15.9,13.045,17.505000000000003,4.460000000000003,8.25,22.79
Irbid,2018,3,SO2,31,15,16,18.880000000000003,3.648522205731285,18.7,15.5,21.799999999999997,6.299999999999997,13.3,24.3
Irbid,2018,4,PM10,30,27,3,53.92592592592592,23.246961630957816,49.8,40.5,56.349999999999994,15.849999999999994,26.1,124.0
Irbid,2018,4,NO2,30,30,0,24.751333333333328,7.725645261895195,23.5,17.82875,29.3375,11.50875,15.235,47.05
Irbid,2018,4,SO2,30,30,0,10.594666666666667,7.363878631926733,14.600000000000001,1.935,17.4,15.464999999999998,1.29,20.8
Irbid,2018,5,PM10,31,31,0,58.18064516129032,25.094692923070923,57.9,35.8,70.55,34.75,25.2,106.0
Irbid,2018,5,NO2,31,31,0,27.371848685700417,5.706589153046601,26.2,23.125,29.975,6.850000000000001,18.9,43.34999999999999
Irbid,2018,5,SO2,31,30,1,3.9033333333333338,3.4017615450227265,1.9849999999999999,1.8725,4.565,2.6925000000000003,1.26,12.5
Irbid,2018,6,PM10,30,29,1,31.875862068965517,6.818653782739448,29.6,28.2,35.6,7.400000000000002,21.4,50.9
Irbid,2018,6,NO2,30,30,0,21.543333333333333,5.586633267395293,19.775,17.6625,23.35,5.6875,12.55,37.25
Irbid,2018,6,SO2,30,30,0,1.5431999999999997,1.4668219081895482,1.0350000000000001,0.5425,1.9825,1.44,0.096,5.24
Irbid,2018,7,PM10,31,31,0,36.06129032258064,8.838954592007468,34.8,29.799999999999997,41.0,11.200000000000003,23.0,67.8
Irbid,2018,7,NO2,31,31,0,18.451237363352682,4.53141188938551,18.15,15.15,20.65,5.499999999999998,12.1,32.55
Irbid,2018,7,SO2,31,27,4,4.47148148148148,1.226667479561232,4.24,4.074999999999999,4.615,0.5400000000000009,1.18,8.79
Irbid,2018,8,PM10,31,31,0,37.08387096774194,4.561731891448945,38.0,35.150000000000006,40.0,4.849999999999994,23.0,45.1
Irbid,2018,8,NO2,31,31,0,14.460645161290321,2.281721112791644,14.55,12.774999999999999,15.825,3.0500000000000007,10.46,19.2
Irbid,2018,8,SO2,31,31,0,3.9722580645161285,0.20790558237525913,3.9,3.835,4.01,0.17499999999999982,3.79,4.56
Irbid,2018,9,PM10,30,30,0,36.673333333333325,7.918635084987526,34.45,30.675,41.8,11.124999999999996,25.8,63.1
Irbid,2018,9,NO2,30,30,0,19.131764069150034,6.371837709157232,16.225,14.9,21.792586817227402,6.892586817227402,12.325,37.85
Irbid,2018,9,SO2,30,26,4,4.387307692307692,0.5784707957524404,4.29,4.045,4.3975,0.35250000000000004,3.53,5.69
Irbid,2018,10,PM10,31,31,0,77.4225806451613,53.354779290315506,49.1,39.35,104.5,65.15,20.7,206.0
Irbid,2018,10,NO2,31,31,0,23.25271108679522,4.93764095217149,22.65,20.15,26.675,6.525000000000002,13.45,33.59999999999999
Irbid,2018,10,SO2,31,28,3,5.906428571428571,0.8026309252180618,5.539999999999999,5.425,6.17,0.7450000000000001,5.2,8.95
Irbid,2018,11,PM10,30,30,0,41.983333333333334,13.134794101620093,40.25,34.324999999999996,48.574999999999996,14.25,22.5,91.8
Irbid,2018,11,NO2,30,30,0,16.404333333333334,3.757636072130285,15.6,13.8275,18.5625,4.734999999999999,8.18,23.5
Irbid,2018,11,SO2,30,30,0,12.02033333333333,3.1850897062377395,10.95,9.2875,14.625,5.3375,7.79,18.2
Irbid,2018,12,PM10,31,22,9,43.695454545454545,18.82762603634622,44.05,30.200000000000003,52.725,22.525,13.2,80.1
Irbid,2018,12,NO2,31,22,9,13.193619611117418,2.6595711033665657,14.2475,10.49625,15.075,4.578749999999999,9.07,17.6996314445832
Irbid,2018,12,SO2,31,20,11,13.675999999999998,5.180706515524693,12.95,9.85,16.1,6.250000000000002,7.47,29.4
Irbid,2019,1,PM10,31,30,1,67.48427586355515,36.652966597859916,61.975,40.5125,87.3375,46.825,9.260000000000002,158.9182759066545
Irbid,2019,1,NO2,31,31,0,11.308225806451615,3.1908639238684495,11.06,8.747499999999999,13.205,4.457500000000001,5.965,18.25
Irbid,2019,1,SO2,31,31,0,12.654516129032261,5.067303581925781,11.8,8.32,16.450000000000003,8.130000000000003,4.41,24.9
Irbid,2019,2,PM10,28,28,0,42.08605963500619,21.824384929642296,40.075,25.7125,52.00191588225056,26.28941588225056,10.015,104.95
Irbid,2019,2,NO2,28,28,0,10.983386948543957,3.292017607483566,10.9275,7.975,12.614634083610655,4.639634083610655,6.535,18.55207911448551
Irbid,2019,2,SO2,28,23,5,6.918260869565219,3.9646513685705456,6.45,3.165,10.15,6.985,2.54,15.0
Irbid,2019,3,PM10,31,31,0,33.96652810521028,12.57590994516153,33.95,25.4,39.724999999999994,14.324999999999996,14.85,71.78792670505293
Irbid,2019,3,NO2,31,29,2,11.499747490234048,2.4527728422353423,11.735,9.715,12.97,3.255000000000001,6.575,17.01
Irbid,2019,3,SO2,31,28,3,6.7957142857142845,2.967130336514127,6.165,4.0325,8.605,4.572500000000001,2.64,13.5
Irbid,2019,4,PM10,30,30,0,45.67666666666665,25.16550640546854,40.325,27.5125,56.4375,28.925,14.8,117.5
Irbid,2019,4,NO2,30,30,0,12.352166666666669,2.7218913566619927,12.2875,10.0175,13.95375,3.9362499999999994,7.98,18.275
Irbid,2019,4,SO2,30,30,0,6.5680000000000005,2.7203757346975137,6.275,4.5375000000000005,7.452500000000001,2.915,3.1,12.8
Irbid,2019,5,PM10,31,31,0,43.424193548387095,17.315175766591484,40.6,30.525,48.87499999999999,18.349999999999994,18.0,85.55
Irbid,2019,5,NO2,31,31,0,15.469197837497752,4.475270580494278,15.95,11.782499999999999,19.16558033083659,7.3830803308365915,7.600000000000001,22.44804760168239
Irbid,2019,5,SO2,31,31,0,7.606209677419355,2.594326250924613,7.38,5.46,8.7,3.2399999999999993,4.17,15.0
Irbid,2019,6,PM10,30,30,0,33.109219125519026,5.144576366639263,32.65,29.362499999999997,35.2875,5.925000000000004,23.65,45.6
Irbid,2019,6,NO2,30,30,0,11.11393194308377,2.712763475389491,10.65,8.6875,12.872499999999999,4.184999999999999,7.175,16.35
Irbid,2019,6,SO2,30,26,4,3.229230769230769,0.4937037417474012,3.14,2.9525,3.33,0.37749999999999995,2.6,5.03
Irbid,2019,7,PM10,31,31,0,32.93232252000512,11.819614380642678,30.75,26.799999999999997,33.75,6.950000000000003,24.15,90.55
Irbid,2019,7,NO2,31,31,0,10.261029108704186,2.7792996848755127,9.9,7.8025,11.657499999999999,3.8549999999999986,6.545,17.81
Irbid,2019,7,SO2,31,29,2,4.735862068965518,1.2402088454351414,4.5,3.84,5.12,1.2800000000000002,3.17,8.18
Irbid,2019,8,PM10,31,31,0,32.14172248651854,3.4601988469954064,32.0,29.775,33.875,4.100000000000001,26.15,40.5
Irbid,2019,8,NO2,31,30,1,9.00546327338004,2.1203665657575597,9.075,7.4425,10.506384442335523,3.0638844423355236,5.33,13.455
Irbid,2019,8,SO2,31,26,5,4.044615384615384,0.670314736637832,3.955,3.6625,4.24,0.5775000000000001,3.41,6.66
Irbid,2019,9,PM10,30,30,0,37.08225251060923,7.963227172511002,34.825,32.437509851638815,37.906386723090634,5.468876871451819,26.25,59.45
Irbid,2019,9,NO2,30,29,1,8.426915120387788,3.7746400632518613,8.025,5.924513889845088,9.405,3.480486110154911,3.753738676553902,21.01503561187656
Irbid,2019,9,SO2,30,26,4,4.853461538461539,1.1006868485003072,4.455,4.075,5.205,1.13,3.85,8.01
Irbid,2019,10,PM10,31,31,0,40.124281473220904,10.514906622783034,37.46472758065082,32.92130682524964,46.44073952049476,13.519432695245122,28.18019670296761,74.20860931157853
Irbid,2019,10,NO2,31,30,1,6.644887461285408,1.8611189124110707,6.265106085989512,5.345997376237701,7.668543258549931,2.3225458823122302,3.968838523725667,11.49175568137025
Irbid,2019,10,SO2,31,30,1,6.744999999999999,2.627277009140571,5.67,4.93,7.265,2.335,4.49,14.5
Irbid,2019,11,PM10,30,30,0,48.58373237793247,12.922814139414282,45.32575497487309,39.26219627153231,61.95,22.687803728467692,27.25113513220186,69.69920334913283
Irbid,2019,11,NO2,30,29,1,14.2998327536566,8.600970942275557,10.71,8.825,21.35,12.525000000000002,5.440493861799425,34.3
Irbid,2019,11,SO2,30,29,1,11.705862068965516,3.8284270522737245,11.4,9.77,13.6,3.83,4.25,18.3
Irbid,2019,12,PM10,31,29,2,41.1510513890506,28.630726579383232,36.7,24.1,45.25,21.15,13.705,165.5754902824674
Irbid,2019,12,NO2,31,31,0,19.849851791137514,6.287407163610511,20.05,16.448452762631465,24.525,8.076547237368533,9.11,33.1
Irbid,2019,12,SO2,31,30,1,9.906333333333334,5.292344166965069,8.05,5.9175,13.525,7.6075,4.6,23.4
Zarqa,2015,1,PM10,31,27,4,86.63314589173396,40.42231061624283,83.1,59.87499999999999,118.8,58.925000000000004,16.3,160.7324553422698
Zarqa,2015,1,NO2,31,31,0,22.06516129032259,5.713996045365416,24.2,18.055,25.450000000000003,7.395000000000003,8.32,30.05
Zarqa,2015,1,SO2,31,31,0,8.03467741935484,5.615332423446225,7.38,3.46,11.4575,7.9975,0.72,20.91
Zarqa,2015,2,PM10,28,26,2,78.74423076923077,35.368020376953744,75.975,49.7375,102.975,53.2375,13.75,138.5
Zarqa,2015,2,NO2,28,28,0,17.431964285714283,4.442645053653434,17.185,13.594999999999999,20.325,6.73,11.525,27.4
Zarqa,2015,2,SO2,28,28,0,6.4825,4.629749313267804,4.615,3.70375,6.9125,3.2087499999999998,2.04,18.365
Zarqa,2015,3,PM10,31,30,1,83.44839998503532,34.05188898078211,70.525,57.4625,96.15,38.68750000000001,46.45,176.2107331324015
Zarqa,2015,3,NO2,31,31,0,14.670806451612906,3.2621207561886774,14.1,12.43,16.924999999999997,4.494999999999997,9.54,22.05
Zarqa,2015,3,SO2,31,31,0,6.638709677419355,2.9594194159614977,6.07,4.359999999999999,9.370000000000001,5.010000000000002,2.24,12.68
Zarqa,2015,4,PM10,30,29,1,101.12764185783519,44.382924912253934,92.2,66.5,142.4066362382706,75.90663623827061,30.2,170.5
Zarqa,2015,4,NO2,30,30,0,14.974333333333334,2.587268808040145,15.3175,13.0375,16.3625,3.325000000000001,10.44,21.95
Zarqa,2015,4,SO2,30,30,0,6.348333333333333,2.9446577382443446,5.887499999999999,3.7625,8.053749999999999,4.291249999999999,2.145,13.5
Zarqa,2015,5,PM10,31,31,0,92.44345921256925,23.54008323717268,91.7,75.35367893449627,104.35,28.99632106550372,51.34477981492569,135.0
Zarqa,2015,5,NO2,31,31,0,14.226290322580647,2.336947427643569,14.2,12.75,16.2,3.4499999999999993,9.885,19.55
Zarqa,2015,5,SO2,31,31,0,6.9641935483870965,1.8680181551465147,6.81,5.8,8.497499999999999,2.697499999999999,3.615,10.35
Zarqa,2015,6,PM10,30,29,1,71.40583131893234,16.477899256973885,67.8,58.09999999999999,82.55000000000001,24.450000000000024,51.5,113.45
Zarqa,2015,6,NO2,30,30,0,11.695660106938686,2.618301903150213,11.425,9.79625,13.06375,3.2675,6.850452627510053,17.6
Zarqa,2015,6,SO2,30,30,0,5.4351666666666665,2.8181616909063174,5.3125,2.88375,7.07875,4.195,1.22,10.93
Zarqa,2015,7,PM10,31,31,0,75.61612903225806,15.005217909651599,76.0,67.65,83.275,15.625,46.0,102.95
Zarqa,2015,7,NO2,31,31,0,15.558870967741935,4.003537125608933,15.2,12.3,17.825000000000003,5.525000000000002,9.815,24.2
Zarqa,2015,7,SO2,31,31,0,6.389838709677419,1.4348609014296865,6.07,5.4625,7.085000000000001,1.6225000000000005,3.895,9.76
Zarqa,2015,8,PM10,31,30,1,83.75226221571023,27.35809584765205,78.725,63.9125,92.94999999999999,29.037499999999987,51.85,173.7178664713061
Zarqa,2015,8,NO2,31,31,0,16.529779686155212,4.172495006631761,15.0,13.375,19.025,5.649999999999999,11.05,27.90751370074365
Zarqa,2015,8,SO2,31,31,0,3.6231612437573806,3.2629584543646217,2.78,1.1949999999999998,5.2725,4.077500000000001,0.4585135723976791,15.95
Zarqa,2015,9,PM10,30,28,2,112.81958967066603,35.53960439060675,106.51484341494395,82.85000000000001,142.25,59.39999999999999,48.48826301950214,179.0098844572078
Zarqa,2015,9,NO2,30,30,0,17.555333333333333,4.645163397395807,17.625,14.43,20.1375,5.7075,7.375,26.55
Zarqa,2015,9,SO2,30,30,0,3.7591666666666663,2.8336880694093067,2.955,1.83125,5.08375,3.2525000000000004,0.5,12.39
Zarqa,2015,10,PM10,31,31,0,101.13214297207556,32.12770116849151,100.75,77.32499999999999,118.2796837512206,40.954683751220614,45.15,171.5
Zarqa,2015,10,NO2,31,31,0,17.756774193548388,4.338832513550754,17.5,15.3,19.725,4.425000000000001,10.09,28.5
Zarqa,2015,10,SO2,31,31,0,2.587725806451613,2.2364928863390467,1.855,0.7175,4.029999999999999,3.312499999999999,0.206,8.235
Zarqa,2015,11,PM10,30,30,0,87.36034741001694,31.086942022248085,83.825,67.55,109.25,41.7,27.35,152.5604223005082
Zarqa,2015,11,NO2,30,30,0,14.643700220891182,6.316955795574585,15.309999999999999,9.53,19.549999999999997,10.019999999999998,2.148045241402138,27.25
Zarqa,2015,11,SO2,30,30,0,3.4916666666666667,2.2342268327611423,3.1525,1.8475,4.3500000000000005,2.5025000000000004,0.27,9.435
Zarqa,2015,12,PM10,31,31,0,75.15322580645162,22.398924585360014,76.25,58.675,94.4,35.72500000000001,33.34999999999999,114.6
Zarqa,2015,12,NO2,31,31,0,13.569193548387098,3.312292533572026,13.65,11.335,15.625,4.289999999999999,5.75,20.4
Zarqa,2015,12,SO2,31,31,0,5.925483870967742,2.340397528497637,5.645,3.9325,7.414999999999999,3.482499999999999,2.05,10.94
Zarqa,2016,1,PM10,31,28,3,65.65293505832463,31.756310558695223,60.55,49.008045408272416,80.6625,31.65445459172758,13.1,154.5
Zarqa,2016,1,NO2,31,31,0,13.196290322580648,3.2057318373349983,13.4,10.67,15.525,4.855,6.05,19.1
Zarqa,2016,1,SO2,31,31,0,4.952580645161289,1.531728800499478,5.025,4.0075,6.1675,2.16,2.37,8.475
Zarqa,2016,2,PM10,29,29,0,78.23637615027735,29.512574482992097,71.25,60.75,98.0,37.25,20.0,143.5
Zarqa,2016,2,NO2,29,29,0,14.614999999999998,3.506919944908922,14.4,12.08,16.45,4.369999999999999,8.120000000000001,22.05
Zarqa,2016,2,SO2,29,29,0,4.115862068965517,2.104294532686802,3.625,2.625,5.574999999999999,2.9499999999999993,1.3,8.57
Zarqa,2016,3,PM10,31,31,0,79.16640773490354,31.22399227524641,73.45,56.05,91.625,35.575,36.8,146.5
Zarqa,2016,3,NO2,31,31,0,13.996464722747374,3.972620716913632,13.45,11.414033436734556,15.641311318520625,4.227277881786069,7.265,23.05
Zarqa,2016,3,SO2,31,31,0,3.0606172332358947,1.818965867105331,2.685,1.6825,3.9343514156883117,2.2518514156883116,1.225,8.785
Zarqa,2016,4,PM10,30,30,0,99.51105165501137,31.346630652797735,106.175,67.9875,121.875,53.8875,41.75,147.5
Zarqa,2016,4,NO2,30,30,0,15.6515,3.310762270285323,15.625,13.425,18.1375,4.712499999999999,9.925,22.85
Zarqa,2016,4,SO2,30,30,0,3.2926666666666664,1.3937890141954608,3.6900000000000004,1.9649999999999999,4.17375,2.20875,1.16,6.795
Zarqa,2016,5,PM10,31,31,0,89.22067512252998,38.677989471753115,80.3466207707136,61.8,110.05,48.25,35.82550065615364,196.377530693721
Zarqa,2016,5,NO2,31,31,0,13.863387096774192,3.5728817470628136,13.85,11.344999999999999,16.450000000000003,5.105000000000004,5.225,19.815
Zarqa,2016,5,SO2,31,31,0,2.479354838709677,1.1953484442729687,2.015,1.58,3.2325,1.6524999999999999,1.0,5.380000000000001
Zarqa,2016,6,PM10,30,30,0,94.54300957581236,23.552515837425936,98.0498868753051,78.61535218766987,112.0625,33.44714781233013,39.29895641802626,139.1810585416421
Zarqa,2016,6,NO2,30,30,0,16.0525,3.8086808174176943,16.432499999999997,14.7175,18.1,3.382500000000002,7.49,24.755
Zarqa,2016,6,SO2,30,30,0,2.5059999999999993,1.0171142410321197,2.6,1.70375,3.09125,1.3875,0.9,4.595
Zarqa,2016,7,PM10,31,31,0,73.61935483870967,12.929234815070293,75.65,65.4,81.725,16.32499999999999,45.55,94.75
Zarqa,2016,7,NO2,31,31,0,13.77048387096774,2.237146007319262,13.3,12.440000000000001,14.825,2.384999999999998,10.575,22.115
Zarqa,2016,7,SO2,31,31,0,1.810483870967742,0.5855970668737872,1.625,1.4125,2.115,0.7025000000000001,0.995,3.95
Zarqa,2016,8,PM10,31,31,0,81.16721246892439,17.01311811219459,81.1,69.68497642197923,91.425,21.740023578020768,46.05,120.85
Zarqa,2016,8,NO2,31,31,0,13.96564516129032,2.262791690933821,14.175,12.075,15.6,3.5250000000000004,9.89,18.95
Zarqa,2016,8,SO2,31,31,0,1.0488209224533633,0.6223197586758225,0.89,0.61,1.4024999999999999,0.7924999999999999,0.315,3.03
Zarqa,2016,9,PM10,30,30,0,77.14218756813241,22.97189475576151,78.225,60.380908923295706,91.575,31.194091076704296,40.85,134.4706245500456
Zarqa,2016,9,NO2,30,30,0,12.449666666666666,2.9004122576571447,12.0475,10.118749999999999,15.1375,5.018750000000001,7.11,18.4
Zarqa,2016,9,SO2,30,30,0,3.8631424938104186,1.745908221581948,3.635,2.26125,5.1925,2.93125,1.58,7.609999999999999
Zarqa,2016,10,PM10,31,31,0,107.63456177897848,29.89722024784166,108.55,90.05,127.725,37.675,52.1,186.1683395268918
Zarqa,2016,10,NO2,31,31,0,17.332580645161293,3.0633064573452162,17.35,15.0525,19.325,4.272499999999999,10.305,23.15
Zarqa,2016,10,SO2,31,31,0,8.874193548387098,4.190762678553511,8.684999999999999,4.9399999999999995,10.565000000000001,5.625000000000002,2.75,17.35
Zarqa,2016,11,PM10,30,28,2,101.04685415999731,29.385466725506834,98.325,83.6875,118.51993389656826,34.83243389656826,37.3,159.0
Zarqa,2016,11,NO2,30,30,0,15.472333333333331,4.929891887555801,14.4375,11.93,18.462500000000002,6.532500000000002,7.205,25.55
Zarqa,2016,11,SO2,30,30,0,9.2575,5.790129346122381,6.4725,4.9725,12.302499999999998,7.329999999999998,3.335,24.55
Zarqa,2016,12,PM10,31,31,0,75.70553329865432,35.19793655669604,70.0,53.425,93.68576612914188,40.260766129141885,23.45,144.5
Zarqa,2016,12,NO2,31,31,0,14.751612903225807,3.0978993923562608,14.9,13.45,16.1,2.650000000000002,7.7,20.85
Zarqa,2016,12,SO2,31,31,0,5.889838709677419,2.586402741218959,5.325,4.37,6.862500000000001,2.4925000000000006,1.535,12.94
Zarqa,2017,1,PM10,31,31,0,75.77520231076399,35.163962994630666,73.25,49.95,90.54424444495075,40.594244444950746,10.11160576046086,156.0
Zarqa,2017,1,NO2,31,31,0,15.543870967741936,3.6846385416748406,15.75,12.65,18.775,6.124999999999998,8.285,21.25
Zarqa,2017,1,SO2,31,31,0,5.77,2.9477248288581253,5.26,3.9299999999999997,6.455,2.5250000000000004,1.405,17.355
Zarqa,2017,2,PM10,28,27,1,76.67222222222223,33.666233178219635,78.9,44.349999999999994,96.94999999999999,52.599999999999994,18.05,151.0
Zarqa,2017,2,NO2,28,28,0,15.800714285714283,3.3252295142969195,15.5,12.78,17.799999999999997,5.019999999999998,11.45,23.25
Zarqa,2017,2,SO2,28,28,0,6.224285714285714,2.5914180710660366,5.405,4.5225,7.25125,2.72875,2.745,12.115
Zarqa,2017,3,PM10,31,29,2,83.27501610128263,24.5143476324903,91.65,60.7,102.7,42.0,46.40000000000001,126.0
Zarqa,2017,3,NO2,31,31,0,15.83684153762117,3.001171825434277,14.84208766625627,13.3,17.950000000000003,4.650000000000002,11.065,21.4
Zarqa,2017,3,SO2,31,31,0,4.478349867653704,1.5003451734972226,4.02,3.275,5.7925,2.5175000000000005,2.63,7.553845897264844
Zarqa,2017,4,PM10,30,29,1,85.26322572898353,31.707552979013332,83.3,65.15,108.0,42.849999999999994,32.55,160.2735939103051
Zarqa,2017,4,NO2,30,30,0,14.507206829221937,3.422453459990133,14.100000000000001,12.471250000000001,16.2875,3.81625,7.9,21.5
Zarqa,2017,4,SO2,30,30,0,4.74524251303699,1.4834875261730927,4.245,3.7912500000000002,5.99670654333228,2.20545654333228,2.255,7.685
Zarqa,2017,5,PM10,31,31,0,90.92974107132125,25.271736504777348,88.5,74.75,110.525,35.775000000000006,46.7,137.5
Zarqa,2017,5,NO2,31,31,0,14.857903225806451,3.711016880899706,15.1,11.51,17.975,6.465000000000002,9.44,21.9
Zarqa,2017,5,SO2,31,31,0,5.995806451612904,2.23187406184959,5.824999999999999,4.364999999999999,6.9350000000000005,2.570000000000001,2.505,12.385
Zarqa,2017,6,PM10,30,30,0,60.658333333333324,17.471583250076904,56.275000000000006,52.1625,64.75,12.587499999999999,31.25,112.8
Zarqa,2017,6,NO2,30,30,0,13.773666666666665,2.778938625637038,13.649999999999999,12.0625,15.8875,3.8249999999999993,7.890000000000001,18.95
Zarqa,2017,6,SO2,30,30,0,4.119000000000001,1.5508626075788292,3.6225,3.04125,4.5962499999999995,1.5549999999999997,2.325,8.01
Zarqa,2017,7,PM10,31,31,0,71.25806451612904,13.712671127915439,71.85,62.275000000000006,81.55,19.27499999999999,44.5,99.75
Zarqa,2017,7,NO2,31,31,0,14.287741935483872,3.372456285535731,14.55,12.05,17.225,5.175000000000001,7.875,19.65
Zarqa,2017,7,SO2,31,31,0,3.505806451612903,1.4344081803855513,3.235,2.33,4.465,2.135,1.475,7.93
Zarqa,2017,8,PM10,31,31,0,68.99032258064517,15.221346958328175,70.85,58.625,80.875,22.25,34.45,93.85
Zarqa,2017,8,NO2,31,31,0,12.389677419354838,2.148197281242993,12.5,10.3875,14.175,3.7875000000000014,9.01,16.35
Zarqa,2017,8,SO2,31,31,0,2.7059677419354835,1.0666125658323162,2.43,1.8525,3.3975,1.545,1.33,5.25
Zarqa,2017,9,PM10,30,30,0,81.64333333333335,25.769906043120614,72.92500000000001,65.35000000000001,102.1625,36.812499999999986,38.90000000000001,134.0
Zarqa,2017,9,NO2,30,30,0,13.844166666666665,3.876813276153614,12.9,10.873750000000001,16.575,5.701249999999998,7.91,23.2
Zarqa,2017,9,SO2,30,30,0,3.4235189990541834,2.653136896394968,2.1950000000000003,1.93625,3.97875,2.0424999999999995,1.14,10.52
Zarqa,2017,10,PM10,31,31,0,90.2216431192819,28.119045012926616,87.3,67.10804750267215,106.30000000000001,39.19195249732786,47.7,158.0
Zarqa,2017,10,NO2,31,31,0,14.744354838709677,2.761675440119483,15.1,12.835,16.4,3.5649999999999977,9.745,19.9
Zarqa,2017,10,SO2,31,31,0,5.159193548387097,2.62150850236214,4.465,3.325,6.637499999999999,3.312499999999999,1.765,13.1
Zarqa,2017,11,PM10,30,29,1,92.5607489838187,46.76939492998141,93.3,52.7,120.05,67.35,29.55,204.9159797775075
Zarqa,2017,11,NO2,30,30,0,14.598077708555305,2.7312464078937437,14.4,13.05,16.2375,3.1875,8.46,20.2123312566592
Zarqa,2017,11,SO2,30,30,0,5.639839380301745,2.1112881764441402,4.7475000000000005,3.84375,6.805000000000001,2.9612500000000006,2.71,11.21018140905236
Zarqa,2017,12,PM10,31,30,1,84.81045835260147,35.12706402228915,87.85,55.712500000000006,108.2,52.4875,32.34999999999999,158.9042676740301
Zarqa,2017,12,NO2,31,31,0,16.20935483870968,3.9202637542933,15.0,13.35,18.549999999999997,5.1999999999999975,11.3,25.55
Zarqa,2017,12,SO2,31,31,0,8.83516129032258,5.8315994781121825,6.335,4.6,11.2325,6.6325,3.095,22.95
Zarqa,2018,1,PM10,31,31,0,92.5391379935171,39.69246680833061,94.1,65.73163889951513,108.925,43.193361100484864,22.5,205.5
Zarqa,2018,1,NO2,31,31,0,15.396321684920029,3.5760015087440253,15.7,13.85,17.825,3.9749999999999996,6.46,22.8
Zarqa,2018,1,SO2,31,31,0,4.645645161290324,2.0690765822525288,4.37,3.4875,5.1675,1.6800000000000006,2.355,13.7
Zarqa,2018,2,PM10,28,26,2,121.94132142845653,78.7649278998455,90.2,65.11832111321937,183.125,118.00667888678063,27.1,348.7062436696746
Zarqa,2018,2,NO2,28,26,2,16.98172803727685,5.41753310278413,15.0,13.219982242299508,21.099999999999998,7.8800177577004895,10.26,30.4
Zarqa,2018,2,SO2,28,26,2,7.629727000149192,6.16028973368638,4.35,3.5012499999999998,11.52125,8.02,2.235,22.705
Zarqa,2018,3,PM10,31,15,16,124.76318325322895,65.30718886563456,106.5,89.825,161.75,71.925,38.45,281.8977487984342
Zarqa,2018,3,NO2,31,15,16,14.716333333333333,3.47019218625191,13.4,12.3575,17.925,5.567500000000001,9.875,20.3
Zarqa,2018,3,SO2,31,15,16,4.788333333333335,1.3562996754124101,4.529999999999999,3.5675,5.96,2.3925,2.86,6.699999999999999
Zarqa,2018,4,PM10,30,30,0,84.68,40.11348040677632,76.65,59.625,96.0875,36.462500000000006,35.59999999999999,233.5
Zarqa,2018,4,NO2,30,30,0,18.554,4.899663500057234,17.225,15.1125,23.275,8.162499999999998,10.16,25.85
Zarqa,2018,4,SO2,30,30,0,7.334,1.5778457596924074,7.1625000000000005,6.61,8.105,1.495,4.145,11.685
Zarqa,2018,5,PM10,31,31,0,115.77579823059418,67.47256253187058,106.75,66.075,145.5,79.425,39.15000000000001,335.2328537097811
Zarqa,2018,5,NO2,31,31,0,21.503225806451617,4.552360843267131,19.5,18.049999999999997,23.875,5.825000000000003,15.6,33.3
Zarqa,2018,5,SO2,31,31,0,8.278225806451612,1.5775088739249068,8.19,6.870000000000001,8.967500000000001,2.0975,6.645,13.27
Zarqa,2018,6,PM10,30,30,0,53.60666666666666,21.66168050495738,48.825,42.3625,61.1,18.737500000000004,31.9,148.5
Zarqa,2018,6,NO2,30,30,0,18.477166666666665,3.613266189678151,17.75,15.9375,21.1875,5.25,10.365,25.0
Zarqa,2018,6,SO2,30,30,0,7.4286666666666665,0.9502594322108816,7.1575,6.70375,8.03875,1.335,6.04,9.76
Zarqa,2018,7,PM10,31,31,0,59.354838709677416,29.771172731460403,52.8,38.45,65.2,26.75,30.25,167.6
Zarqa,2018,7,NO2,31,31,0,18.323225806451617,4.770315424299721,18.1,15.025,20.6,5.575000000000001,10.98,33.95
Zarqa,2018,7,SO2,31,31,0,7.63258064516129,1.0490470842370407,7.185,6.9325,8.0225,1.0900000000000007,6.449999999999999,10.95
Zarqa,2018,8,PM10,31,31,0,41.57901838432405,8.421118742430398,42.8,35.104365809055594,46.85,11.745634190944408,25.37081567901414,55.6
Zarqa,2018,8,NO2,31,31,0,17.904217533701104,3.649330603893609,17.35,15.7,19.689480028301134,3.9894800283011342,11.625,25.30563550519798
Zarqa,2018,8,SO2,31,31,0,9.644347603956975,2.9067986794081464,7.485,7.275,13.165868115585731,5.8908681155857305,6.96,13.54535467800655
Zarqa,2018,9,PM10,30,30,0,62.422127091090324,22.71470918224484,57.1,45.61250000000001,79.9375,34.32499999999999,32.25,111.45
Zarqa,2018,9,NO2,30,30,0,24.572458242305164,7.1116677483165605,24.55,19.700000000000003,28.825,9.124999999999996,11.625,40.85
Zarqa,2018,9,SO2,30,30,0,13.676008673871518,9.057098679490853,8.795000000000002,8.02,13.21519516210914,5.19519516210914,7.54,35.1
Zarqa,2018,10,PM10,31,23,8,91.03397094044978,54.203808792244,80.35,49.267668507041506,120.4252279418307,71.15755943478919,34.34999999999999,240.0046818493776
Zarqa,2018,10,NO2,31,31,0,23.19357803222749,5.423702923381693,23.2,20.113187874212016,26.425,6.311812125787984,12.12936010413899,37.7
Zarqa,2018,10,SO2,31,31,0,27.235236699781485,2.974791148715013,26.2,25.425,27.775,2.349999999999998,24.25,37.85
Zarqa,2018,11,PM10,30,28,2,70.41608141690341,28.047380468187264,69.44207977338132,49.94957112865308,84.6305967941316,34.68102566547852,30.78647183819722,160.4446822766837
Zarqa,2018,11,NO2,30,30,0,27.66991389370815,6.040494611535713,26.253368803397777,24.0625,32.45,8.387500000000003,15.1,40.25
Zarqa,2018,11,SO2,30,30,0,26.563936947509546,4.033992049893362,26.33,24.5125,29.182499999999997,4.669999999999998,16.73830006792859,33.1
Zarqa,2018,12,PM10,31,22,9,78.975719840005,27.411138852459686,76.4524898261743,57.67910615547993,100.6783736581376,42.99926750265767,33.41049712662688,123.0540821013622
Zarqa,2018,12,NO2,31,22,9,30.940909090909088,5.992329151340792,30.75,27.7125,36.55,8.837499999999999,17.85,40.34999999999999
Zarqa,2018,12,SO2,31,22,9,25.804204545454546,2.1121673288867173,25.325000000000003,23.96125,27.00625,3.0450000000000017,22.84,29.7625
Zarqa,2019,1,PM10,31,29,2,100.3355398545834,50.97114344732578,99.33934624577331,63.31175876086004,133.9583345872915,70.64657582643144,20.34808662226511,218.8291158526609
Zarqa,2019,1,NO2,31,31,0,27.460505778954765,6.672588177394354,27.2,22.075000000000003,31.275,9.199999999999996,16.52961695169763,41.75
Zarqa,2019,1,SO2,31,31,0,18.62271514632053,6.258103970338949,14.49,13.315,24.1375,10.8225,12.6,30.225
Zarqa,2019,2,PM10,28,26,2,69.05243097835125,25.94646880351583,62.319113863925864,48.0602818308238,87.72081395497428,39.66053212415048,35.57978806381271,123.9640746091006
Zarqa,2019,2,NO2,28,28,0,30.607142857142854,7.385831208841873,31.95,26.575,36.95,10.375000000000004,16.35,39.3
Zarqa,2019,2,SO2,28,28,0,14.746517857142859,2.4292238262081702,13.754999999999999,13.295,14.432500000000001,1.137500000000001,12.955,20.8
Zarqa,2019,3,PM10,31,24,7,54.78060387054728,15.548333794523666,52.63293749526987,44.365125191543775,65.69706052354344,21.331935331999667,26.71377325768685,90.8548461244322
Zarqa,2019,3,NO2,31,29,2,30.579325531435227,6.9961719954817685,32.35,26.15,35.55,9.399999999999999,16.65,43.15
Zarqa,2019,3,SO2,31,29,2,16.849125529301812,2.331663464526761,16.51,14.805,18.615,3.8099999999999987,13.755,21.58
Zarqa,2019,4,PM10,30,30,0,54.39030820772056,29.664857139543695,47.990905091184686,37.262499999999996,58.699499893377265,21.43699989337727,21.5,186.286990751387
Zarqa,2019,4,NO2,30,30,0,30.176805969871335,7.803822270572436,29.65,25.4,33.8767685351748,8.476768535174799,16.95,47.74308243739972
Zarqa,2019,4,SO2,30,30,0,17.39902161615367,2.6012186047577597,16.9425,15.3225,18.0,2.6775,14.66,24.57365312286469
Zarqa,2019,5,PM10,31,31,0,44.82054498081522,17.30892939090404,43.75,35.425,49.588048373440344,14.163048373440347,12.3304503137632,90.35
Zarqa,2019,5,NO2,31,31,0,32.899561024909836,9.066679480022113,33.36830912249638,28.5,40.474999999999994,11.974999999999994,16.7,46.5
Zarqa,2019,5,SO2,31,31,0,20.60999762127426,3.4757212378582727,20.1,18.5,23.475,4.975000000000001,15.09070223084836,26.9
Zarqa,2019,6,PM10,30,29,1,42.022682742684005,9.08873579235355,43.34035831007525,35.47010099290556,48.45061951086575,12.980518517960192,20.3071064370002,61.45
Zarqa,2019,6,NO2,30,30,0,23.346632720580477,5.24152360168742,22.549999999999997,19.9375,26.187513402765326,6.250013402765326,13.335,35.05
Zarqa,2019,6,SO2,30,30,0,16.90267300533021,2.483178302229566,15.7775,15.1891153850627,18.575,3.3858846149373,14.35,22.25
Zarqa,2019,7,PM10,31,31,0,42.516239427526244,24.45731494674622,36.11819493086161,30.030487680694364,46.215472950511796,16.18498526981743,22.22595393704583,140.4301632284
Zarqa,2019,7,NO2,31,31,0,22.666451612903224,5.411425288767644,21.1,19.875,24.375,4.5,13.61,35.95
Zarqa,2019,7,SO2,31,31,0,14.588064516129032,1.616242905330835,14.65,14.475,15.475,1.0,9.205,16.5
Zarqa,2019,8,PM10,31,30,1,41.72474333985374,9.078812132742666,40.247046686032256,35.349999999999994,46.550445856312955,11.20044585631296,29.25,67.95
Zarqa,2019,8,NO2,31,30,1,22.900322041388492,3.9561475463270774,22.375,20.5375,24.762500000000003,4.225000000000001,15.0,30.0
Zarqa,2019,8,SO2,31,30,1,8.918345005678173,0.4657731287223568,8.905000000000001,8.708749999999998,9.19375,0.4850000000000012,7.180630776626032,9.875
Zarqa,2019,9,PM10,30,30,0,53.015,18.496705904304818,50.150000000000006,40.6875,57.52499999999999,16.83749999999999,28.7,109.8
Zarqa,2019,9,NO2,30,30,0,24.826666666666668,6.817620847699622,22.6,19.887500000000003,29.549999999999997,9.662499999999994,16.55,48.1
Zarqa,2019,9,SO2,30,30,0,9.155166666666666,0.3313829000367726,9.0375,8.908750000000001,9.39,0.4812499999999993,8.66,9.765
Zarqa,2019,10,PM10,31,31,0,70.60745675036064,22.52695437864674,64.35,52.25,88.025,35.775000000000006,41.4,126.55
Zarqa,2019,10,NO2,31,31,0,28.39012312118752,5.616609275955385,27.35,24.25,31.648238474383106,7.398238474383106,20.3,41.95
Zarqa,2019,10,SO2,31,31,0,9.725955462645448,0.8940245466988824,9.56,9.4175,10.094999999999999,0.6774999999999984,7.903646797706464,11.795
Zarqa,2019,11,PM10,30,30,0,75.49433142800746,31.379952175476046,70.475,52.412499999999994,88.9375,36.525000000000006,34.10487374347039,170.0
Zarqa,2019,11,NO2,30,29,1,24.571253512149738,5.594952208895726,25.1,20.85,28.65,7.799999999999997,12.75,35.75
Zarqa,2019,11,SO2,30,29,1,10.225379539646461,2.914140954898862,10.66,8.835,12.365,3.5299999999999994,4.805,15.93733259962944
Zarqa,2019,12,PM10,31,31,0,74.07985929422439,42.74354733147276,58.8,45.7,90.8,45.099999999999994,17.0,213.1956372976752
Zarqa,2019,12,NO2,31,31,0,24.527572724651268,6.24751478119166,25.6,20.55918320083584,28.674999999999997,8.115816799164158,12.6,36.37664516186892
Zarqa,2019,12,SO2,31,31,0,8.744474591527096,2.6255664913226084,8.435,6.60475747677844,10.942499999999999,4.337742523221559,4.805,13.2
